172.19.251.10_3block_18,172.19.251.10,DES-3552_OTU
172.19.251.11_3block_35,172.19.251.11,DES-3528_OTU
172.19.251.4_1block_18,172.19.251.4,DES-3552_OTU
172.19.251.5_1block_35,172.19.251.5,DES-3528_OTU
172.19.251.6_2block_0,172.19.251.6,DES-3528_OTU
172.19.251.7_2block_18,172.19.251.7,DES-3552_OTU
172.19.251.8_2block_35,172.19.251.8,DES-3528_OTU
172.19.251.9_3block_0,172.19.251.9,DES-3528_OTU
3-sov32,172.18.235.2,DES-3010G_OTU
ATB,172.16.12.7,DES-3526_OOS
Ahm31 172.20.250.34,172.20.250.34,DES-3526_OTU
Artilleriyskaya4_p3,172.19.250.178,DES-3028_OTU
Artilleriyskaya6 172.19.250.186,172.19.250.186,DES-3528_OTU
Avrova41,172.17.3.42,DGS-1210-20/ME_OOS
BC_Pol-Sabir_41_172.22.12.2,172.22.12.2,DES-3528_OTU
BGRTP(BOR),172.18.215.85,DGS-1100-06/ME_OTU
BM18(otu),172.22.18.2,DGS-3120-24SC_OTU
BMSK4_1(4etazh),172.19.235.4,DES-3526_OTU
BMSK4_1(Kotelnaya),172.19.235.3,DES-3526_OTU
BMSK8_1,172.19.235.2,DES-3010G_OTU
BMSK8_2,172.19.235.6,DES-3028_OTU
BMSK9,172.19.235.5,DGS-1100-06/ME_OTU
BS-71,172.17.71.71,DES-3200-28_OTU
Babush14_sw1_p1,172.19.201.3,DES-3526_OTU
Babush14_sw2_p3,172.19.201.5,DES-3526_OTU
Babush17_SPIZDILI_22.04,172.19.201.9,DES-3010G_OTU
Babush42,172.19.201.19,DES-3526_OTU
Baik1(.199),172.19.150.99,DES-3526_OTU
Baik11/3 .94,172.19.150.94,DES-3526_OTU
Baik11\3 .93,172.19.150.93,DES-3526_OTU
Baik17/1 - 5P .50,172.19.150.50,DES-3526_OTU
Baik17/1 .47,172.19.150.47,DES-3028_OTU
Baik17/1 .48,172.19.150.48,DES-3028_OTU
Baik17/1 .49,172.19.150.49,DES-3028_OTU
Baik17/2 .51,172.19.150.51,DES-3028_OTU
Baik3_1p,172.19.150.151,DGS-3312SR_OTU
Baik5/2,172.19.150.91,DES-3028_OTU
Basseiny,172.22.235.130,DES-3010G_OTU
Berez19,172.18.250.36,DES-3526_OTU
Berez21,172.18.250.5,DES-3526_OTU
Berez22a,172.20.250.243,DES-3028_OTU
Berez22a_2,172.20.250.244,DES-3200-10_OTU
Berez27,172.18.250.6,DES-3528_OTU
Bogatyr_Bogatyrskiy_18,172.29.1.254,DES-3010G_OTU
Bumajnaya10,172.18.24.2,DES-3552_OTU
CSOsw3,172.16.14.16,DES-3052_OOS
Cerk15_172.19.250.202,172.19.250.202,DES-3028_OTU
Cerk17_p2,172.19.250.232,DES-3526_OTU
Cerk27_p1,172.19.250.46,DES-3028_OTU
Cerk32 172.19.250.72,172.19.250.72,DES-3526_OTU
Cerk37 172.19.250.73,172.19.250.73,DES-3526_OTU
Cerk44,172.19.250.102,DES-3028_OTU
Cerk46_p1,172.19.250.5,DGS-1210-20/ME_OTU
Cerk50,172.19.250.68,DES-3526_OTU
Chap_11,172.19.203.3,DES-3552_OTU
DGS_1_5sec,172.18.215.7,DGS-3120-24SC_OTU
DGS_2_5sec,172.18.215.19,DGS-3120-24SC_OTU
DGS_3_5sec,172.18.215.94,DGS-3120-24SC_OTU
DGS_4_5Sec,172.18.215.93,DGS-3120-24SC_OTU
DLink-Melnitsa-4,172.22.223.3,DES-3200-10_OTU
DLink-Melnitsa-5,172.22.223.2,DES-3528_OTU
Dach21\5,172.19.114.10,DES-3526_OTU
Dach27\4-1p,172.19.114.11,DES-3028_OTU
Dach27\4-2p,172.19.114.12,DES-3028_OTU
Direction_CUS(Obuhovskoy Obononi 43),172.23.201.221,DES-3010G_OOS
Drezd26,172.19.212.2,DES-3526_OTU
Dtsk1\2,172.18.250.22,DES-3526_OTU
Dtsk5,172.18.250.4,DES-3200-10_OTU
Dtsk6,172.18.250.3,DES-3528_OTU
Dtsk7,172.18.250.8,DGS-1210-20/ME_OTU
Dtsk9,172.18.250.34,DES-3528_OTU
Dtsk13,172.18.250.23,DES-3200-10_OTU
Dtsk17,172.18.250.18,DES-3528_OTU
Elektrik172.23.235.45,172.23.235.45,DES-3526_OTU
Eliz11,172.19.201.8,DES-3010G_OTU
Eliz12_p2,172.19.201.2,DES-3028_OTU
Eliz12_p5,172.19.201.4,DES-3528_OTU
Engelsa_71,172.22.51.2,DES-3010G_OTU
Fontanka58,172.19.222.2,DES-3526_OTU
Fontanka58-5p,172.19.222.5,DES-3028_OTU
Fontanka58-6p,172.19.222.4,DES-3526_OTU
Fuchika10,172.22.235.124,DES-3526_OTU
GIMS Fontanka50,172.22.222.19,DES-3010G_OOS
GU_GO_CHS_Razezjaya_26/28,172.23.235.34,DES-3028_OTU
Gapsalskaya_6,172.22.207.14,DES-3010G_OTU
Geroev-23,172.18.161.2,DGS-3100-24TG_OTU
Geroev-25,172.18.161.9,DGS-3100-24TG_OTU
Geroev23-1p,172.18.161.8,DES-3552_OTU
Geroev23-2p,172.18.161.7,DES-3552_OTU
Geroev23-3p,172.18.161.6,DES-3552_OTU
Geroev23-4p,172.18.161.25,DES-3552_OTU
Geroev23-5p,172.18.161.4,DES-3552_OTU
Geroev23-6p,172.18.161.5,DES-3552_OTU
Geroev23-7p,172.18.161.3,DES-3552_OTU
Geroev23-8p,172.18.161.26,DES-3552_OTU
Geroev25-1p,172.18.161.11,DES-3552_OTU
Geroev25-2p,172.18.161.12,DES-3552_OTU
Geroev25-3p,172.18.161.13,DES-3552_OTU
Geroev25-4p,172.18.161.14,DES-3552_OTU
Geroev25-5p,172.18.161.15,DES-3552_OTU
Geroev25-6p,172.18.161.16,DES-3552_OTU
Geroev25-7p,172.18.161.17,DES-3552_OTU
Geroev25-8p,172.18.161.18,DES-3552_OTU
Geroev27-1p,172.18.161.23,DES-3552_OTU
Geroev27-2p,172.18.161.24,DES-3552_OTU
Geroev27-3p,172.18.161.28,DES-3552_OTU
Geroev27-4p,172.18.161.19,DES-3552_OTU
Geroev27-5p,172.18.161.20,DES-3552_OTU
Geroev27-6p,172.18.161.21,DES-3552_OTU
Geroev27-7p,172.18.161.22,DES-3552_OTU
Geroev27-8p,172.18.161.27,DES-3552_OTU
Geroev27\1,172.18.161.10,DGS-3100-24TG_OTU
Gol23_8,172.19.228.2,DES-3552_OTU
Gol23_9,172.19.228.3,DES-3552_OTU
Gra16,172.19.250.100,DES-3028_OTU
Griboedova10,172.19.222.11,DES-3526_OTU
Griboedova10_sw2_p3_et3,172.19.222.26,DGS-1100-06/ME_OTU
Griboedova12_sw1,172.19.222.13,DGS-1100-06/ME_OTU
Griboedova12_sw2,172.19.222.10,DES-3010G_OTU
Griboedova_2B,172.19.222.18,DES-3200-52_OTU
Guk33\1-10p,172.19.161.4,DES-3526_OTU
Guk33\1-13p,172.19.161.12,DES-3028_OTU
Guk33\1-2p,172.19.161.67,DES-3010G_OTU
Guk33\1-3p,172.19.161.10,DES-3028_OTU
Guk33\1-6p,172.19.161.14,DES-3052_OTU
Guk33\3-1p,172.19.161.148,DES-3052_OTU
Guk33_3 3p,172.19.161.185,DES-3052_OTU
Guk37/1 10p,172.19.161.196,DES-3526_OTU
Guk37/3 - 2p,172.19.161.222,DES-3526_OTU
Guk37/3-3p,172.19.161.13,DES-3550_OTU
Guk37/3-3p#2,172.19.161.221,DGS-1210-20/ME_OTU
Guk37/3-5p,172.19.161.11,DES-3200-52_OTU
Guk37\1-1p,172.19.161.15,DES-3028_OTU
Guk37\1-3p (demontirovan),172.19.161.3,DES-3528_OTU
Guk37\1-7p,172.19.161.164,DES-3528_OTU
Gum19 172.20.250.42,172.20.250.42,DES-3526_OTU
Haz10_k1_p1,172.20.250.108,DES-3028_OTU
Haz10_k1_p6,172.20.250.203,DES-3526_OTU
Haz10_k1_p13,172.20.250.107,DES-3028_OTU
Haz13_k1_p3,172.20.250.110,DES-3028_OTU
Haz16_2_p13,172.20.250.114,DES-3028_OTU
Haz16_p1,172.20.250.122,DES-3028_OTU
Haz20_p2,172.20.250.138,DES-3028_OTU
Haz20_p5,172.20.250.13,DES-3028_OTU
Haz24_p4,172.20.250.106,DES-3028_OTU
Haz26_p5,172.20.250.21,DES-3028_OTU
Haz30_p2,172.20.250.147,DES-3028_OTU
Haz32_p5,172.20.250.61,DES-3028_OTU
Haz34_p4,172.20.250.53,DES-3526_OTU
Haz3_k1_p5,172.20.250.109,DES-3028_OTU
Haz43_p4,172.20.250.130,DES-3028_OTU
Haz45_p2,172.20.250.156,DES-3028_OTU
Haz47_p2,172.20.250.157,DES-3028_OTU
Haz8_k1_p1,172.20.250.118,DGS-3200-10_OTU
Haz8_k1_p5,172.20.250.115,DES-3528_OTU
Haz9_2p,172.20.250.123,DES-3028_OTU
Hrust90,172.19.114.14,DES-3010G_OTU
Hrust98,172.19.114.20,DES-3010G_OTU
Hrust102,172.19.114.18,DES-3010G_OTU
Hrust104,172.19.114.15,DES-3010G_OTU
Hrust106,172.19.114.16,DES-3010G_OTU
Hrust108,172.19.114.17,DES-3526_OTU
Hrust110,172.19.114.19,DES-3010G_OTU
Institut_Popova_Petergov_Razvodnaya_15,172.22.254.2,DGS-1100-06/ME_OTU
JK_Orlovsky_Park,172.16.200.130,DGS-1210-20/ME_OTU
K12,172.22.112.2,DGS-1510-20_OOS
KOTELNAYA(BOR),172.18.215.86,DGS-1100-06/ME_OTU
Kadetskiy14 172.20.250.218,172.20.250.218,DES-3028_OTU
Kadetskiy18/20 172.20.250.226,172.20.250.226,DES-3028_OTU
Kadetskiy22 172.20.250.234,172.20.250.234,DES-3028_OTU
Kadetskiy22a 172.20.250.211,172.20.250.211,DES-3028_OTU
Kadetskiy24_p4,172.20.250.219,DES-3028_OTU
Kam55,172.19.203.4,DES-3526_OTU
Kam55,172.19.203.2,DES-3526_OTU
Karpinskogo_27,172.22.226.2,DES-3010G_OTU
Kaz22\2,172.19.161.155,DES-3028_OTU
Kaz24/2_2p,172.19.161.29,DES-3028_OTU
Kaz24\2-3p,172.19.161.181,DES-3028_OTU
Kaz24\2-6p,172.19.161.180,DES-3526_OTU
Kaz28/3_4p,172.19.161.69,DES-3028_OTU
Kaz28\1-2p,172.19.161.28,DES-3526_OTU
Kaz28\1-3p,172.19.161.154,DES-3526_OTU
Kaz28\1-5p,172.19.161.153,DES-3028_OTU
Kaz28\1-6p,172.19.161.91,DES-3028_OTU
Kaz28\1-7p,172.19.161.6,DES-3052_OTU
Kaz28\3-1p,172.19.161.146,DES-3028_OTU
Kaz28\3-6p,172.19.161.132,DES-3028_OTU
Kaz32\1-2p 2sw,172.19.161.168,DES-3028_OTU
Kaz32\1-4p,172.19.161.77,DES-3028_OTU
Kaz32\1-4p_podval,172.19.161.78,DGS-1100-06/ME_OTU
Kaz32\1-5p-podval,172.19.161.165,DES-3526_OTU
Kaz32\1-7p,172.19.161.7,DES-3526_OTU
Kaz32\1-7p,172.19.161.200,DGS-3120-24SC_OTU
Kaz32\1-7p podval,172.19.161.79,DES-3028_OTU
Kedr8-1p,172.18.250.30,DES-3028_OOS
Kedr8-2p,172.18.250.24,DGS-1210-20/ME_OTU
Kedr8-3p,172.18.250.28,DES-3010G_OTU
Kedr8-4p,172.18.250.27,DES-3010G_OTU
Kedr8-5p,172.18.250.29,DES-3010G_OTU
Kedr8-6p,172.18.250.25,DES-3528_OTU
Kedr8-7p,172.18.250.26,DES-3028_OTU
Kladovka172.23.235.42,172.23.235.42,DES-3528_OTU
Klietn_s_MC_BolsheOht11_p2,172.19.77.2,DES-3526_OTU
Koll_43,172.19.209.18,DES-3028_OTU
Koll_45k1,172.19.209.51,DES-3526_OTU
Koll_45k2,172.19.209.3,DES-3526_OTU
Koll_47k2,172.19.209.36,DES-3028_OTU
Koll_47k4,172.19.209.34,DES-3526_OTU
Koll_47k6,172.19.209.50,DES-3028_OTU
Koll_49,172.19.209.35,DES-3526_OTU
Kolpino_Veri_Slutskoy_36,172.22.232.2,DES-3010G_OTU
Kon11 172.19.250.138,172.19.250.138,DES-3028_OTU
Kon13 172.19.250.141,172.19.250.141,DES-3526_OTU
Kon14,172.21.250.5,DES-3010G_OTU
Kon16 172.19.250.237,172.19.250.237,DES-3526_OTU
Kon21,172.19.250.130,DES-3028_OTU
Kon23 172.19.250.131,172.19.250.131,DES-3528_OTU
Kondratievskiy48,172.16.23.18,DES-3200-10_OTU
Konst10_2p_1.32,172.19.150.32,DES-3526_OTU
Konst10_5p_1.33,172.19.150.33,DES-3526_OTU
Konst10_8p_2sw,172.19.150.34,DES-3200-10_OTU
Konst12,172.19.150.19,DES-3028_OTU
Konush 25,172.19.250.190,DGS-1210-20/ME_OTU
Kosm30,172.19.105.2,DES-3052_OTU
Kot6\1-2p,172.19.161.43,DES-3052_OTU
Kot6\1-4p,172.19.161.21,DES-3028_OTU
Kot7\1-2p,172.19.161.8,DES-3052_OTU
Kot7\1-5p,172.19.161.149,DES-3526_OTU
Kot8\1-2p,172.19.161.22,DES-3200-10_OTU
Kot8\1-5p,172.19.161.22,DES-3200-10_OTU
KrasnZvezdi18 172.19.250.140,172.19.250.140,DES-3028_OTU
KrasnZvezdi20(cherdak),172.19.250.148,DES-3028_OTU
KrasnZvezdi24_p2,172.20.250.210,DES-3028_OTU
Kronshtadt_Krasnaya_8/1,172.22.247.6,DES-3010G_OTU
Kronshtadt_Lenina39,172.22.247.7,DES-3010G_OTU
Kronshtadt_Manuilskogo_25,172.22.247.3,DES-3010G_OTU
Kronshtadt_Stanukovicha_6,172.22.247.2,DES-3010G_OTU
Kronshtadt_Vosstaniya72A,172.22.247.5,DES-3010G_OTU
Kronshtadt_Zosimova_4,172.22.247.4,DES-3010G_OTU
LRTPC,172.22.10.2,DES-3010G_OOS
Lag53sw2,172.19.232.13,DGS-3200-10_OTU
Lag57_2p(1-54),172.19.232.2,DES-3028_OTU
Lagernoe53,172.22.232.4,DES-3028_OTU
Lagernoe55,172.19.232.8,DES-3552_OTU
Lahta12_1p,172.18.215.140,DES-3552_OTU
Lahta12_2p,172.18.215.141,DES-3552_OTU
Lebedinnaya 20,172.19.250.182,DES-3526_OTU
Len100/2-10p,172.19.161.157,DES-3052_OTU
Len100/2-12p,172.19.161.202,DGS-3100-24TG_OTU
Len100/2-12p,172.19.161.17,DES-3028_OTU
Len100/2-2p,172.19.161.23,DES-3528_OTU
Len100/2-4p,172.19.161.113,DES-3028_OTU
Len100/2-6p,172.19.161.188,DES-3028_OTU
Len100/2-8p,172.19.161.19,DES-3526_OTU
Len92\1-10p,172.19.161.58,DES-3028_OTU
Len92\1-11p,172.19.161.62,DES-3526_OTU
Len92\1-12p,172.19.161.5,DES-3528_OTU
Len92\1-1p,172.19.161.65,DES-3528_OTU
Len92\1-3p,172.19.161.64,DES-3052_OTU
Len92\1-5p,172.19.161.63,DES-3052_OTU
Len92\1-8p,172.19.161.66,DES-3528_OTU
Len92\3-13p,172.19.161.178,DES-3028_OTU
Len92\3-2p,172.19.161.59,DES-3052_OTU
Len92\3-7p-sw,172.19.161.52,DES-3052_OTU
Len92\3-9p,172.19.161.51,DES-3028_OTU
Len92\3-9p_sw2,172.19.161.104,DES-3052_OTU
Len92\3_4p_sw1,172.19.161.50,DES-3526_OTU
Len96/1-4p#1,172.19.161.18,DES-3526_OTU
Len96/2-1p,172.19.161.187,DES-3526_OTU
Len96/2-3p,172.19.161.130,DES-3052_OTU
Len96\1-2p,172.19.161.55,DES-3528_OTU
Len96\1-4p#2,172.19.161.54,DES-3526_OTU
Len96\3-2p,172.19.161.128,DES-3550_OTU
Leng10_172.20.250.86,172.20.250.86,DES-3028_OTU
Leng10_1p,172.20.250.158,DES-3028_OTU
Leng29_p2,172.20.250.77,DES-3526_OTU
Leng36,172.19.250.36,DES-3028_OTU
Leng37 172.20.250.98,172.20.250.98,DES-3028_OTU
Leng38,172.19.250.4,DES-3528_OTU
Leng40,172.19.250.99,DES-3526_OTU
Leng49 172.20.250.91,172.20.250.91,DES-3028_OTU
Leng51_p3,172.20.250.83,DES-3028_OTU
Leng53 172.20.250.99,172.20.250.99,DES-3028_OTU
Leng59 172.20.250.92,172.20.250.92,DES-3028_OTU
Leng61 172.20.250.84,172.20.250.84,DES-3028_OTU
Leng63 172.20.250.100,172.20.250.100,DES-3028_OTU
Leng67_2(demontirovan),172.19.250.197,DES-3028_OTU
Leng67_p3,172.19.250.196,DES-3028_OTU
Leng69 172.20.250.93,172.20.250.93,DES-3052_OTU
Leng71_p2,172.20.250.85,DES-3028_OTU
Leng73_172.20.250.101,172.20.250.101,DES-3052_OTU
Leng79,172.19.250.194,DES-3028_OTU
Lensoveta43,172.19.102.2,DES-3010G_OTU
Lyam 8,172.19.250.37,DES-3052_OTU
MRC (12.10.18 upal),172.18.215.18,DES-3028_OTU
MSadovaya1_172.22.222.2,172.22.222.2,DES-3526_OTU
Mag11_1 172.19.250.42,172.19.250.42,DES-3028_OTU
Mag11_2,172.19.250.48,DES-3526_OTU
Mag13 172.19.250.43,172.19.250.43,DES-3028_OTU
Mag20 172.19.250.70,172.19.250.70,DES-3028_OTU
Mag24,172.19.250.49,DES-3028_OTU
Mag28 172.19.250.40,172.19.250.40,DES-3028_OTU
Mag3 172.19.250.227,172.19.250.227,DES-3028_OTU
Mag32_172.19.250.44,172.19.250.44,DES-3028_OTU
Mag34_172.19.250.50,172.19.250.50,DGS-1100-06/ME_OTU
Mag5 172.21.250.2,172.21.250.2,DES-3028_OTU
Mag54 172.20.250.194,172.20.250.194,DES-3028_OTU
Mag9 172.19.250.41,172.19.250.41,DES-3028_OTU
Main - 172.23.235.6,172.23.235.6,DES-3528_OOS
Malaya51_p2,172.19.250.154,DES-3028_OTU
Malaya64(2) 172.19.250.149,172.19.250.149,DES-3028_OTU
Malaya64_1p 172.19.250.146,172.19.250.146,DES-3028_OTU
Malygina6,172.19.235.18,DGS-1210-20/ME_OTU
Melnica_main,172.22.223.5,DES-3528_OOS
Melnica_main,172.22.223.5,DES-3528_OTU
Metallistov111,172.16.23.19,DGS-1100-06/ME_OTU
Mohovaya_11,172.22.222.3,DES-3010G_OTU
Moiky_85,172.22.222.18,DES-3028_OTU
Moldagulovoy_5,172.23.235.19,DES-3010G_OTU
Mosk10 172.19.250.203,172.19.250.203,DES-3028_OTU
Mosk11 172.19.250.204,172.19.250.204,DES-3526_OTU
Mosk14_p1,172.19.250.206,DES-3028_OTU
Mosk24 172.19.250.229,172.19.250.229,DES-3028_OTU
Mosk25 172.19.250.230,172.19.250.230,DES-3526_OTU
Mosk25_2 172.19.250.231,172.19.250.231,DES-3028_OTU
Mosk28 172.19.250.234,172.19.250.234,DES-3028_OTU
Mosk29 172.19.250.236,172.19.250.236,DES-3526_OTU
Mosk45 172.19.250.235,172.19.250.235,DES-3028_OTU
Nast17,172.19.210.131,DES-3526_OTU
Nast17-p3,172.19.210.132,DES-2110_OTU
Nast17-p5,172.19.210.133,DES-2110_OTU
Nast6-p7,172.19.210.147,DES-2110_OTU
Nast6-p10,172.19.210.148,DES-3526_OTU
Nova36 172.20.250.67,172.20.250.67,DES-3052_OTU
Novo-Alexandrovskaya_12,172.22.201.250,DES-3200-10_OTU
Oboronnaya_35,172.22.207.10,DES-3010G_OTU
Obshaga_MCHS(Trefoleva43),172.22.99.3,DES-3200-10_OTU
Obshaga_MCHS_Fuchika_10,172.19.235.34,DES-3010G_OTU
Obshaga_MCHS_Pridorozhnaya30,172.18.147.3,DES-3028_OTU
Obshaga_MCHS_Primorskiy_12,172.22.54.4,DES-3200-10_OTU
Ochak9,172.19.235.38,DES-3010G_OTU
Okt1 172.19.250.98,172.19.250.98,DES-3526_OTU
Okt10,172.20.250.66,DES-3526_OTU
Okt22_p1,"172.20.250.76, 10.0.39.2",DES-3010G_OTU
Okt3_p1,172.19.250.101,DES-3028_OTU
Okt5_p3,172.19.250.66,DES-3200-52_OTU
Okt7_1 172.19.250.34,172.19.250.34,DES-3028_OTU
Okt7_2 172.19.250.106,172.19.250.106,DGS-1210-20/ME_OTU
Okt7_3 172.19.250.39,172.19.250.39,DES-3028_OTU
Operativnoye_upravleniye(Michurinskaya 5/2),172.22.203.12,DES-3526_OOS
Oran15,172.21.250.6,DES-3010G_OTU
Oran20 172.19.250.233,172.19.250.233,DES-3010G_OTU
Oran35 172.20.250.196,172.20.250.196,DES-3028_OTU
Oran39 172.20.250.78,172.20.250.78,DES-3028_OTU
Oran46 172.20.250.74,172.20.250.74,DES-3526_OTU
Oran51 172.20.250.70,172.20.250.70,DES-3028_OTU
Oran53_p2,172.20.250.68,DGS-1210-20/ME_OTU
Oran55 172.20.250.75,172.20.250.75,DES-3526_OTU
Oran57 172.20.250.69,172.20.250.69,DES-3526_OTU
Oran60 172.20.250.82,172.20.250.82,DGS-1210-20/ME_OTU
Oran62_p1,172.20.250.30,DGS-1210-20/ME_OTU
Oran64_p1,172.20.250.26,DES-3526_OTU
Oran67 172.20.250.90,172.20.250.90,DES-3028_OTU
Oran69,172.20.250.38,DGS-1100-06/ME_OTU
Otvagnyh_6,172.22.130.2,DGS-3200-10_OTU
PEFR_sw2,172.16.12.2,DES-3028_OOS
Park14k1_p2,172.19.254.34,DES-3552_OTU
Park14k1_p5,172.19.254.35,DES-3552_OTU
Park14k2_p2,172.19.254.36,DES-3552_OTU
Park14k2_p5,172.19.254.37,DES-3552_OTU
Park14k2_p7,172.19.254.38,DES-3552_OTU
Park14k3_p2,172.19.254.39,DES-3552_OTU
Park14k3_p5,172.19.254.40,DES-3552_OTU
Park14k3_p7,172.19.254.41,DES-3552_OTU
Park16_blokstanciya,172.19.254.14,DGS-3120-24SC_OTU
Park16_p2,172.19.254.4,DES-3552_OTU
Park16_p7,172.19.254.3,DES-3552_OTU
Park16k2_p2,172.19.254.42,DES-3552_OTU
Park16k2_p5,172.19.254.43,DES-3552_OTU
Park16k2_p8,172.19.254.44,DES-3552_OTU
Park16k3_p2,172.19.254.45,DES-3552_OTU
Park16k3_p5,172.19.254.46,DES-3552_OTU
Park18_podval_2,172.19.254.5,DES-3552_OTU
Park18_podval_3,172.19.254.7,DES-3552_OTU
Park18_podval_5,172.19.254.6,DES-3552_OTU
Park18_podval_7,172.19.254.8,DES-3552_OTU
Park18_podval_10,172.19.254.9,DES-3552_OTU
Park20_172.19.254.10,172.19.254.10,DES-3552_OTU
Park20_172.19.254.11,172.19.254.11,DES-3552_OTU
Park20_172.19.254.12,172.19.254.12,DES-3552_OTU
Park20_172.19.254.13,172.19.254.13,DES-3552_OTU
Parking_Fortuna_Desantnikov15,172.18.161.254,DGS-1100-06/ME_OTU
Pavlovskaya7_1p,172.18.232.2,DES-3552_OTU
Pavlovskaya7_2p,172.18.232.3,DES-3552_OTU
Pavlovskaya7_3p,172.18.232.4,DGS-1210-20/ME_OTU
Pavlovskaya7_4p,172.18.232.5,DGS-1210-20/ME_OTU
Pavlovskoe29 172.19.250.171,172.19.250.171,DES-3028_OTU
Pavlovskoe33 172.19.250.179,172.19.250.179,DES-3028_OTU
Pavlovskoe37,172.19.250.172,DES-3028_OTU
Pavlovskoe5_p1,172.19.250.139,DES-3028_OTU
Pavlovskoye35 172.19.250.187,172.19.250.187,DES-3028_OTU
Penkovaya_6,172.22.203.10,DES-3526_OTU
Pesochnaya2_sw1,172.19.250.104,DES-3028_OTU
Pesochnaya2_sw2,172.19.250.107,DGS-1100-06/ME_OTU
Podv36_1_demontirovan,172.19.133.4,DES-3526_OTU
Podv40_demont,172.19.133.5,DES-3526_OTU
Podv_48k2,172.19.209.20,DES-3526_OTU
Podv_50k3,172.19.209.4,DES-3526_OTU
Polev19,172.19.219.23,DGS-1100-06/ME_OTU
Polev27,172.19.219.21,DES-3010G_OTU
Polevaya25,172.19.219.20,DGS-3200-10_OTU
Polevaya2\30-11p,172.19.219.22,DES-3010G_OTU
Polevaya2\30-14p,172.19.219.25,DES-3526_OTU
Polevaya2\30_sw1_4p,172.19.219.18,DES-3528_OTU
Polevaya2\30_sw2_17p,172.19.219.19,DES-3528_OTU
Push11_p1,172.19.250.228,DES-3028_OTU
Push17_172.19.250.205,172.19.250.205,DES-3028_OTU
Push41_p1,172.19.250.133,DES-3528_OTU
Push42 172.20.250.197,172.20.250.197,DES-3028_OTU
Push44 172.20.250.195,172.20.250.195,DES-3028_OTU
Push8,172.21.250.4,DES-3526_OTU
Radiouzel_172.19.250.238,172.19.250.238,DES-3526_OTU
Radishcheva 24 172.25.1.252,172.25.1.252,DGS-1100-06/ME_OTU
Radisheva16 172.19.250.163,172.19.250.163,DES-3028_OTU
Sapernaya 4,172.19.250.174,DES-3028_OTU
Sapernaya 8 172.19.250.180,172.19.250.180,DES-3028_OTU
Sapernaya_10_p4,172.19.250.173,DES-3526_OTU
Sedova19,172.19.201.7,DES-3200-10_OTU
Seminarskiy 172.23.235.46,172.23.235.46,DGS-3200-10_OTU
Serdobolskaya32,172.22.54.3,DES-3552_OTU
Serebristy_18_k3,172.22.249.6,DES-3010G_OTU
Shishk14 172.20.250.117,172.20.250.117,DES-3028_OTU
Shishk20 172.20.250.125,172.20.250.125,DES-3028_OTU
Shishk22 172.20.250.202,172.20.250.202,DES-3028_OTU
Shishk22_2 172.19.250.18,172.19.250.18,DES-3028_OTU
Shishk24 172.20.250.124,172.20.250.124,DES-3028_OTU
Shishk30 172.20.250.116,172.20.250.116,DES-3028_OTU
Shk23_k1_15par,172.19.250.3,DES-3526_OTU
Shk23_k2_12par,172.19.250.35,DES-3028_OTU
Shk23_k2_12par_sw2,172.19.250.45,DES-3526_OTU
Shk23_k2_13par,172.19.250.47,DES-3010G_OTU
Shk23_k3_9par,172.19.250.74,DES-3528_OTU
Shk23_k3_p1,172.19.250.71,DES-3028_OTU
Shk23_k3_p4,172.19.250.67,DES-3052_OTU
Shk29_p4,172.20.250.2,DES-3526_OTU
Shk31_p2,172.19.250.195,DES-3028_OTU
Shk39_7p,172.19.250.14,DES-3010G_OTU
Shk39_p4,172.19.250.10,DES-3028_OTU
Shk3_p1,172.19.250.105,DGS-1100-06/ME_OTU
Shk43_p5,172.20.250.4,DES-3028_OTU
Shk45_p3,172.20.250.132,DES-3028_OTU
Shk51_p3,172.20.250.12,DES-3528_OTU
Shk57_p3,172.20.250.20,DES-3028_OTU
Shk61_p3,172.20.250.133,DES-3028_OTU
Shk63_p3,172.20.250.5,DES-3052_OTU
Shkolnaya14,172.19.219.24,DGS-1100-06/ME_OTU
Solid13,172.19.133.7,DES-3526_OTU
Solid13/2_DEMONTIROVAN,172.19.133.9,DES-3526_OTU
Solid15_DEMONTIROVAT,172.19.133.8,DES-3526_OTU
Solid21,172.19.133.6,DES-3526_OTU
Solid_10k2,172.19.209.5,DGS-1210-20/ME_OTU
Sovetskaya18a,172.19.250.189,DES-3526_OTU
Spec-PCH,172.22.54.2,DES-3010G_OTU
Srednaya_44 172.19.250.162,172.19.250.162,DES-3028_OTU
Sredneoht_22,172.19.235.19,DES-3200-28_OTU
Stremyannaya_19,172.23.235.21,DES-3010G_OTU
Svet34-2p_(.21),172.19.150.21,DES-3526_OTU
Svet36(.20),172.19.150.20,DES-3528_OTU
Svet38(.58),172.19.150.58,DES-3526_OTU
Svet40_2_4p(.63),172.19.150.63,DES-3028_OTU
Svet40_2p(.61),172.19.150.61,DES-3052_OTU
Svet46_1_3p .35,172.19.150.35,DES-3526_OTU
Svet46_6p .38,172.19.150.38,DES-3526_OTU
Svet46_9p(.37),172.19.150.37,DES-3526_OTU
Svet48/19 .45,172.19.150.45,DES-3028_OTU
Svet69_1.41,172.19.150.41,DES-3028_OTU
Svet69_1.42(STAROVEROV_VOR),172.19.150.42,DES-3028_OTU
Svet69_1.43,172.19.150.43,DES-3526_OTU
Svet71_1.39,172.19.150.39,DES-3028_OTU
Svet71_1.40,172.19.150.40,DES-3526_OTU
Svet73_(.44),172.19.150.44,DES-3028_OTU
Svet75-2p_(.10),172.19.150.10,DES-3526_OTU
Svet75-4p (.11),172.19.150.11,DES-3526_OTU
Svet77_(.89),172.19.150.89,DES-3052_OTU
Svet79-2p(.16),172.19.150.16,DES-3052_OTU
Svet79-7p(.14),172.19.150.14,DES-3526_OTU
Svet79_10p(.13),172.19.150.13,DES-3526_OTU
Svet79_5p(.199),172.19.150.199,DES-3526_OTU
Tambasova30_2(1),172.19.130.2,DES-3526_OTU
Tambasova30_2(2),172.19.130.3,DES-3526_OTU
Tambovskaya_33,172.23.235.22,DES-3010G_OTU
Tih25/1 .85,172.19.150.85,DES-3526_OTU
Tih25/1 .86,172.19.150.86,DES-3028_OTU
Tih25/1 9p,172.19.150.88,DES-2110_OTU
Tih25/4 -2p.66,172.19.150.66,DES-3028_OTU
Tih25/4 4p .67,172.19.150.67,DES-3028_OTU
Tih25/4 4p .125,172.19.150.125,DGS-3100-24TG_OTU
Tih25/5 .64,172.19.150.64,DES-3526_OTU
Tih27/2 .73,172.19.150.73,DES-3526_OTU
Tih27/2 .74,172.19.150.74,DES-3028_OTU
Tih31_2(.76),172.19.150.76,DES-3028_OTU
Tih33_2(.80),172.19.150.80,DES-3010G_OTU
Tih37(.101),172.19.150.101,DES-3526_OTU
Tolmacheva_3,172.20.250.43,DES-3526_OTU
Tolmacheva_6,172.20.250.242,DES-3028_OTU
Tolmacheva_8,172.18.250.2,DES-3528_OTU
Tolst15_p4,172.20.250.3,DES-3052_OTU
Tolst17_p4,172.19.250.12,DES-3028_OTU
Tolst19_p4,172.19.250.11,DES-3028_OTU
Tolst21 172.19.250.13,172.19.250.13,DES-3028_OTU
Tolst23_p4,172.20.250.19,DES-3526_OTU
Tolst25_p4,172.20.250.11,DES-3526_OTU
Tolst38_p3,172.20.250.18,DES-3526_OTU
Tolst3_p1,172.20.250.58,DES-3526_OTU
Tolst40 172.20.250.146,172.20.250.146,DES-3028_OTU
Tolst46_p1,172.20.250.10,DES-3052_OTU
Tolst46_p4,172.20.250.139,DES-3028_OTU
Tolst48_6par 172.20.250.142,172.20.250.142,DES-3526_OTU
Tolst48_p1,172.20.250.141,DES-3028_OTU
Tolst8_p3,172.20.250.50,DES-3526_OTU
Torj5_3028,172.16.5.6,DES-3028_OOS
Torj5_DGS,172.16.18.3,DGS-3200-10_OOS
Torj5_OITO,172.16.5.5,DGS-3200-10_OOS
Torjkovskaya6,172.22.15.2,DGS-1210-20/ME_OTU
Uchebnii_centr,172.23.201.195,DES-3526_OOS
VSlut6,172.18.250.7,DES-3528_OTU
Varshavskaya118,172.19.4.4,DES-3010G_OOS
Veden2_5p .69,172.19.150.69,DES-2110_OTU
Veden4_2p_sw2(.26) kv-1-185,172.19.150.26,DES-3028_OTU
Veden4_5p,172.19.150.24,DGS-1100-06/ME_OTU
Veden4_8p(.25),172.19.150.25,DES-3028_OTU
Veden4_8p-sw2,172.19.150.123,DES-3526_OTU
Veden8_sw1,172.19.150.55,DES-3526_OTU
Veden8_sw2,172.19.150.56,DES-3528_OTU
Villozi_OTZVUK,172.29.8.254,DGS-1100-06/ME_OOS
Volkovsky_77,172.22.201.251,DES-3010G_OTU
Vslut4,172.18.250.35,DES-3528_OTU
Vslut10,172.18.250.20,DES-3526_OTU
Vslut12,172.18.250.21,DES-3528_OTU
Vslut2\1(Dtsk1\2),172.18.250.19,DES-3528_OTU
Zaharzhevskaya_3a,172.19.250.155,DES-3028_OTU
Zaharzhevskaya_3b,172.19.250.147,DES-3028_OTU
Zaharzhevskaya_6_p1,172.19.250.170,DES-3526_OTU
Zhel40_p2,172.20.250.27,DES-3526_OTU
Zhel40_p6,172.20.250.35,DES-3526_OTU
Zhel42_p1,172.20.250.51,DES-3528_OTU
Zhel48_p3,172.20.250.163,DES-3526_OTU
Zhel50_p4,172.20.250.59,DES-3526_OTU
Zhel52_p4,172.20.250.36,DES-3526_OTU
Zhel58_p1,172.20.250.28,DES-3526_OTU
Zhel60_p2,172.20.250.154,DES-3028_OTU
Zhel62_p2,172.20.250.171,DES-3526_OTU
Zhel64_p3,172.20.250.178,DES-3028_OTU
Zhel66_p4,172.20.250.52,DES-3526_OTU
Zhel68_p4,172.20.250.60,DES-3526_OTU
Zhel72_p1,172.20.250.37,DES-3526_OTU
Zhel74_p3,172.20.250.155,DES-3028_OTU
Zhel76_p3,172.20.250.29,DES-3526_OTU
Zhel78_p4,172.20.250.162,DES-3028_OTU
Zhukovskogo18_sw1,172.19.222.14,DES-3028_OTU
Zhukovskogo18_sw2,172.19.222.12,DGS-1100-06/ME_OTU
dach27\4-4p,172.19.114.13,DES-3526_OTU
ent28_1-3p,172.19.210.4,DES-3526_OTU
ent28_1-6p,172.19.210.9,DES-3200-28_OTU
ent28_3,172.19.210.27,DES-3200-10_OTU
ent31_3_4p,172.19.210.65,DES-3526_OTU
ent40_1_p3,172.19.210.29,DES-3028_OTU
ent40_1_p7,172.19.210.30,DGS-1210-20/ME_OTU
ent40_2_p1,172.19.210.20,DES-3526_OTU
ent40_2_p3,172.19.210.19,DES-3028_OTU
ent40_2_p5,172.19.210.28,DES-3526_OTU
ent41,172.19.210.36,DES-3028_OTU
ind10_p3,172.19.210.54,DES-3028_OTU
ind23-4p,172.19.210.64,DES-3200-10_OTU
ind27_2p,172.19.210.7,DES-3526_OTU
ind27_6p,172.19.210.5,DES-3010G_OTU
ind27_8p,172.19.210.8,DES-3526_OTU
ind29/1_p2,172.19.210.13,DES-3028_OTU
ind29_2,172.19.210.3,DES-3526_OTU
ind35,172.19.210.49,DES-3028_OTU
ind_27_4p,172.19.210.6,DES-3526_OTU
lag57_3p(55-100),172.22.232.3,DES-3526_OTU
lag57_4p(100-203),172.19.232.11,DES-3526_OTU
lag57_5-6p(268-495),172.19.232.4,DES-3028_OTU
lag57_7-8p_sw1(502-667),172.19.232.9,DES-3526_OTU
lag57_7-8p_sw2(551-674),172.19.232.5,DES-3528_OTU
lag57_9p(677-754),172.19.232.3,DES-3200-52_OTU
lag57_p9a(737-869),172.19.232.6,DES-3028_OTU
lahta1-1p,172.18.215.8,DES-3552_OTU
lahta1-2p,172.18.215.9,DES-3552_OTU
lahta1-3p,172.18.215.10,DES-3552_OTU
lahta10_1p,172.18.215.130,DES-3552_OTU
lahta10_2p,172.18.215.131,DES-3552_OTU
lahta10_3p,172.18.215.91,DES-3552_OTU
lahta11_1p,172.18.215.138,DES-3552_OTU
lahta11_2p,172.18.215.139,DES-3552_OTU
lahta13,172.18.215.142,DES-3552_OTU
lahta14_p1,172.18.215.143,DES-3552_OTU
lahta14_p2,172.18.215.144,DES-3552_OTU
lahta15_p1,172.18.215.145,DES-3552_OTU
lahta15_p2,172.18.215.146,DES-3552_OTU
lahta16_p1,172.18.215.147,DES-3552_OTU
lahta16_p2,172.18.215.21,DES-3552_OTU
lahta18_p1(Lahta 60),172.18.215.148,DES-3552_OTU
lahta18_p2(Lahta 60),172.18.215.150,DES-3028_OTU
lahta2-1p,172.18.215.12,DES-3552_OTU
lahta2-2p,172.18.215.11,DES-3552_OTU
lahta3-1p,172.18.215.16,DES-3552_OTU
lahta3-2p,172.18.215.15,DES-3552_OTU
lahta4-1p,172.18.215.14,DES-3552_OTU
lahta4-2p,172.18.215.13,DES-3552_OTU
lahta5-1p,172.18.215.6,DES-3552_OTU
lahta5-2p,172.18.215.5,DES-3552_OTU
lahta6_1p,172.18.215.132,DES-3552_OTU
lahta6_2p,172.18.215.92,DES-3552_OTU
lahta7_1p,172.18.215.134,DES-3552_OTU
lahta7_2p,172.18.215.133,DES-3552_OTU
lahta7_3p,172.18.215.135,DES-3552_OTU
lahta8,172.18.215.17,DES-3552_OTU
lahta9_1p,172.18.215.136,DES-3552_OTU
lahta9_2p,172.18.215.137,DES-3552_OTU
lahta_Kattej21,172.18.215.88,DGS-1100-06/ME_OTU
lahta_Kottej17,172.18.215.83,DGS-1100-06/ME_OTU
lahta_Kottej18,172.18.215.81,DGS-1100-06/ME_OTU
lahta_Kottej19,172.18.215.82,DGS-1100-06/ME_OTU
lahta_Kottej20,172.18.215.20,DGS-1100-06/ME_OTU
lahta_Kottej22,172.18.215.22,DGS-1100-06/ME_OTU
lahta_Kottej23,172.18.215.23,DGS-1100-06/ME_OTU
lahta_Kottej24,172.18.215.24,DGS-1100-06/ME_OTU
lahta_Kottej25,172.18.215.87,DGS-1100-06/ME_OTU
lahta_Kottej26,172.18.215.26,DGS-1100-06/ME_OTU
lahta_Kottej27,172.18.215.27,DGS-1100-06/ME_OTU
lahta_Kottej28,172.18.215.28,DGS-1100-06/ME_OTU
lahta_Kottej29,172.18.215.29,DGS-1100-06/ME_OTU
lahta_Kottej30,172.18.215.30,DGS-1100-06/ME_OTU
lahta_Kottej31 (23.04),172.18.215.31,DGS-1100-06/ME_OTU
lahta_Kottej32,172.18.215.32,DGS-1100-06/ME_OTU
lahta_Kottej33,172.18.215.33,DGS-1100-06/ME_OTU
lahta_Kottej34,172.18.215.34,DGS-1100-06/ME_OTU
lahta_Kottej35,172.18.215.35,DGS-1100-06/ME_OTU
lahta_Kottej36,172.18.215.36,DGS-1100-06/ME_OTU
lahta_Kottej37,172.18.215.37,DGS-1100-06/ME_OTU
lahta_Kottej38,172.18.215.38,DGS-1100-06/ME_OTU
lahta_Kottej39,172.18.215.39,DGS-1100-06/ME_OTU
lahta_Kottej40,172.18.215.40,DGS-1100-06/ME_OTU
lahta_Kottej42,172.18.215.42,DGS-1100-06/ME_OTU
lahta_Kottej43,172.18.215.43,DGS-1100-06/ME_OTU
lahta_Kottej44,172.18.215.44,DGS-1100-06/ME_OTU
lahta_Kottej45,172.18.215.45,DGS-1100-06/ME_OTU
lahta_Kottej46,172.18.215.46,DGS-1100-06/ME_OTU
lahta_Kottej47,172.18.215.47,DGS-1100-06/ME_OTU
lahta_Kottej48,172.18.215.48,DGS-1100-06/ME_OTU
lahta_Kottej49,172.18.215.49,DGS-1100-06/ME_OTU
lahta_Kottej50,172.18.215.50,DGS-1100-06/ME_OTU
lahta_Kottej51 (down 30.05),172.18.215.51,DGS-1100-06/ME_OTU
lahta_Kottej52,172.18.215.52,DGS-1100-06/ME_OTU
lahta_Kottej53,172.18.215.53,DGS-1100-06/ME_OTU
lahta_Kottej54,172.18.215.54,DGS-1100-06/ME_OTU
lahta_Kottej55,172.18.215.55,DGS-1100-06/ME_OTU
lahta_Kottej56,172.18.215.56,DGS-1100-06/ME_OTU
lahta_Kottej57,172.18.215.57,DGS-1100-06/ME_OTU
lahta_Kottej58,172.18.215.58,DGS-1100-06/ME_OTU
lahta_Kottej59,172.18.215.59,DGS-1100-06/ME_OTU
lahta_Kottej61,172.18.215.149,DGS-1100-06/ME_OTU
lahta_Kottej62,172.18.215.62,DGS-1100-06/ME_OTU
lahta_Kottej63,172.18.215.80,DGS-1100-06/ME_OTU
lahta_Kottej64,172.18.215.89,DGS-1100-06/ME_OTU
lahta_Kottej65,172.18.215.79,DGS-1100-06/ME_OTU
lahta_Kottej66,172.18.215.66,DGS-1100-06/ME_OTU
lahta_Kottej67,172.18.215.67,DGS-1100-06/ME_OTU
lahta_Kottej68,172.18.215.68,DGS-1100-06/ME_OTU
lahta_Kottej69,172.18.215.69,DGS-1100-06/ME_OTU
lahta_Kottej70,172.18.215.70,DGS-1100-06/ME_OTU
lahta_Kottej71,172.18.215.71,DGS-1100-06/ME_OTU
lahta_Kottej72,172.18.215.72,DGS-1100-06/ME_OTU
lahta_Kottej73,172.18.215.73,DGS-1100-06/ME_OTU
lahta_Kottej74,172.18.215.74,DGS-1100-06/ME_OTU
lahta_Kottej75,172.18.215.75,DGS-1100-06/ME_OTU
lahta_Kottej76,172.18.215.76,DGS-1100-06/ME_OTU
lahta_Kottej77,172.18.215.77,DGS-1100-06/ME_OTU
lahta_Kottej78,172.18.215.78,DGS-1100-06/ME_OTU
lsk1,172.19.210.53,DES-3028_OTU
lsk2,172.19.210.52,DES-3028_OTU
nast15,172.19.210.130,DES-3526_OTU
nast34,172.19.210.63,DES-3526_OTU
nast36_2,172.19.210.62,DES-3526_OTU
nast3_p2,172.19.210.152,DES-3528_OTU
nast3_p5,172.19.210.149,DES-3528_OTU
osi4,172.19.210.66,DGS-1100-06/ME_OTU
osi5,172.19.210.50,DES-3526_OTU
pch-1(Michurinskaya 5)_MC_for_EDDS,172.22.203.11,DES-3526_OTU
pch-10(Bolshoy P.S. 11/2),172.22.203.13,DES-3526_OOS
pch-11(Lesnoy 17),172.22.215.2,DES-3526_OOS
pch-12(Bolsheohtensky 3),172.22.77.2,DES-3010G_OOS
pch-13(Sverdlovskaya 20),172.22.206.2,DES-3010G_OOS
pch-14(Moskovskiy 116),172.22.207.22,DES-3526_OOS
pch-15(Engelsa 28),172.22.52.2,DES-3010G_OOS
pch-16_Pridorozhnaya30,172.18.147.2,DGS-1100-06/ME_OTU
pch-17(Ingenernaya 12),172.22.222.26,DES-3010G_OOS
pch-18(Ostoumova V.O. 21/76),172.22.207.29,DES-3200-10_OTU
pch-19(Trefoleva 43),172.22.99.2,DES-3010G_OTU
pch-2(Sadovaya58/26),172.22.207.26,DGS-1100-06/ME_OTU
pch-22(Primorski 12),172.22.53.2,DES-3010G_OOS
pch-24(Petrodvorec_Sampsonievskaya 9),172.22.254.3,DES-3526_OOS
pch-25(Aleksandrovskoy fermi 15) (18.10.18 demont),172.22.201.254,DES-3010G_OOS
pch-26(Srednya 3),172.23.235.26,DES-3010G_OOS
pch-27(Sestroreck Transportnaya 1),172.23.102.2,DES-3010G_OOS
pch-29(Kolpino Finlyandskaya 8),172.22.232.243,DGS-1100-06/ME_OTU
pch-3 (Zvezdnaya 13-1),172.22.118.2,DES-3010G_OOS
pch-31(Leontivskaya 26),172.22.250.6,DES-3010G_OOS
pch-35(Partizana Germana 29),172.22.136.3,DES-3526_OTU
pch-39(Shturmanskaya 6 k.5),172.22.136.2,DES-3526_OOS
pch-39(left_wing),172.22.136.4,DES-3526_OOS
pch-39(right_wing),172.22.136.5,DES-3526_OOS
pch-4(9-yay Krasnoarmeyskaya 10b),172.22.207.28,DES-3526_OOS
pch-40(Telmana 43/2),172.22.234.2,DES-3010G_OOS
pch-44(Karavaevskaya 46),172.23.201.194,DES-3526_OOS
pch-46 Kronshtadt Kronshtadskoye_sh_21_k2,172.22.247.18,DGS-1100-06/ME_OOS
pch-5(Zagorodny 56),172.22.207.30,DES-3526_OOS
pch-52(Chudnovskogo 17),172.22.209.6,DES-3010G_OOS
pch-64(Zubkovskogo 4),172.23.201.222,DES-3010G_OOS
pch-7(3Sovetskaya 50),172.22.199.7,DES-3010G_OOS
pch-82(Pulkovskoe 74),172.22.222.13,DES-3010G_OTU
pch-9(Bolshoy V.O. 73),172.22.207.27,DES-3200-10_OOS
per7_p1,172.19.210.59,DES-3526_OTU
per7_p2,172.19.210.55,DES-3028_OTU
per9,172.19.210.57,DES-3052_OTU
shk39_2p,172.19.250.210,DES-1210-10_OTU
t100sw1,172.16.100.100,DES-3550_OOS
t102sw1,172.16.102.102,DES-3526_OOS
t103sw1,172.16.103.103,DES-3200-52_OOS
t105sw1,172.16.105.105,DES-3028_OOS
t108sw,172.16.108.108,DES-3028_OOS
t109sw,172.16.109.109,DES-3528_OOS
t112sw1,172.16.112.254,DES-3552_OOS
t114sw1,172.16.114.114,DGS-3100_OOS
t114sw1,172.16.114.114,DGS-3100-24TG_OTU
t117sw1,172.16.117.254,DES-3528_OOS
t121sw1,172.16.121.254,DES-3526_OOS
t124sw,172.16.124.254,DES-3528_OOS
t127sw1,172.16.127.254,DES-3526_OOS
t131sw1,172.16.131.254,DES-3528_OOS
t134sw,172.16.134.134,DES-3200-10_OOS
t136sw,172.16.136.136,DES-3526_OOS
t137sw1,172.16.137.137,DES-3526_OOS
t138sw1,172.16.138.254,DES-3552_OOS
t141sw1,172.16.141.254,DES-3200-52_OOS
t142sw1,172.16.142.142,DES-3010G_OOS
t143sw1,172.16.143.143,DES-3526_OOS
t144sw1,172.16.144.254,DES-3552_OOS
t145sw1,172.16.145.145,DES-3200-52_OOS
t148sw1,172.16.148.148,DES-3010G_OOS
t149sw,172.16.149.149,DES-3028_OOS
t151sw,172.16.151.151,DES-3552_OOS
t152sw1,172.16.152.152,DES-3200-52_OOS
t153sw1,172.16.153.153,DES-3552_OOS
t156sw1,172.16.156.156,DES-3552_OOS
t158sw1,172.16.158.158,DES-3552_OOS
t159sw1,172.19.210.58,DES-3200-10_OTU
t160sw,172.16.160.160,DES-3526_OOS
t161sw1,172.20.161.2,DGS-3120-24SC_OOS
t164sw1,172.16.164.164,DES-3010G_OOS
t165sw1,172.16.165.165,DES-3552_OOS
t166sw1,172.16.166.166,DES-3526_OOS
t167sw1,172.16.167.167,DES-3010G_OOS
t168sw1,172.16.168.168,DGS-1100-06/ME_OOS
t21sw1,172.16.21.21,DES-3526_OOS
t23sw1,172.16.23.23,DES-3552_OOS
t28sw1,172.16.28.28,DES-3526_OOS
t32sw,172.16.32.32,DES-3526_OOS
t36sw1,172.16.36.36,DES-3526_OOS
t37sw,172.16.37.37,DES-3528_OOS
t39sw1,172.16.39.39,DES-3528_OOS
t401sw1,172.16.200.2,DES-3526_OOS
t402sw1,172.16.200.3,DES-3528_OOS
t403sw1,172.16.200.4,DES-3526_OOS
t405sw1,172.16.200.5,DES-3528_OOS
t406sw1,172.16.200.6,DES-3528_OOS
t408sw1,172.16.200.7,DES-3526_OOS
t409sw1,172.16.200.8,DES-3526_OOS
t41sw,172.16.41.41,DES-3526_OOS
t42sw1,172.16.42.42,DGS-1210-20/ME_OOS
t44sw,172.16.44.44,DES-3028_OOS
t45sw,172.16.45.45,DES-3028_OOS
t47sw1,172.16.47.47,DES-3528_OOS
t502sw2,172.18.250.10,DGS-3120-24SC_OOS
t504sw1,172.19.250.244,DGS-3100-24TG_OTU
t508sw1,172.19.250.252,DGS-3100-24TG_OTU
t50sw1,172.16.50.50,DES-3526_OOS
t510_Haz26_p5,172.19.250.243,DGS-3100-24TG_OTU
t510sw1,172.17.51.51,DES-3552_OOS
t52sw,172.16.52.52,DES-1210-10_OTU
t53sw1,172.16.53.53,DES-3010G_OOS
t54sw1,172.16.54.54,DES-3010G_OOS
t56sw1,172.16.56.56,DES-3010G_OOS
t607sw1,172.22.254.6,DES-3010G_OOS
t65sw,172.16.65.65,DES-3028_OOS
t67sw,172.16.67.67,DES-3528_OOS
t69sw2,172.19.161.203,DGS-3120-24SC_OTU
t74sw1,172.16.74.74,DGS-1210-20/ME_OOS
t75sw1,172.16.75.75,DES-3010G_OOS
t78sw1,172.16.78.178,DES-3526_OOS
t86sw1,172.16.86.86,DES-3528_OOS
t87sw1,172.16.87.87,DES-3526_OOS
t90sw1,172.16.90.90,DES-3028_OOS
t92sw,172.16.92.92,DES-3526_OOS
t93sw1,172.16.93.93,DES-3526_OOS
t95sw,172.16.95.254,DES-3028_OOS
t96sw,172.16.96.96,DES-3028_OOS
u10_sw1,172.19.210.162,DGS-3120-24SC_OTU
u14_sw_WiFi,172.26.168.126,DGS-1100-06/ME_OOS
u19sw1,172.19.219.2,DGS-3120-24SC_OTU
u25sw,172.16.225.225,DES-3200-10_OOS
u28sw2,172.16.228.254,DES-3528_OTU
u30sw3,172.19.250.226,DES-3526_OTU
u31sw,172.16.231.231,DES-3526_OOS
u36sw1,172.16.236.236,DES-3526_OOS
u46sw,172.16.246.246,DES-3028_OOS
u47sw2,172.16.247.254,DGS-3100_OOS
u49sw1,172.16.249.249,DES-3526_OOS
u50sw2,172.19.250.249,DGS-3120-24SC_OTU
u50sw3,172.22.250.2,DES-3010G_OOS
u51sw2,172.19.251.2,DGS-3100_OOS
u52sw2,172.16.252.3,DGS-3120-24SC_OOS
u57sw1(ups103),172.17.103.103,DES-3526_OOS
u9sw2,172.19.209.254,DGS-3100-24TG_OTU
udr21_Bogdanov,172.19.210.48,DES-3010G_OTU
udr27-2_p8,172.19.210.26,DES-3010G_OTU
udr27_1_p1,172.19.210.14,DES-3028_OTU
udr27_1_p3,172.19.210.15,DES-3528_OTU
udr27_1_p5,172.19.210.16,DES-3028_OTU
udr27_2_p2,172.19.210.17,DES-3526_OTU
udr27_2_p5,172.19.210.18,DES-3028_OTU
udr33,172.19.210.61,DES-3526_OTU
udr42_2p,172.19.210.67,DGS-1100-06/ME_OTU
udr42_3p,172.19.210.68,DGS-1100-06/ME_OTU
utp302,172.16.200.67,DGS-1100-06/ME_OOS
utp312_Smolyachkovo_RTS2000,172.16.200.66,DES-3010G_OTU
utp316,172.16.200.98,DGS-1100-06/ME_OOS
utp702,172.16.200.106,DGS-1100-06/ME_OOS
uus8_sw,172.26.133.126,DES-3200-10_OOS
